S.No,Categories,Parent Category,Tags,SEO Title
1,AI Blog Writer,Writing & Content,"AI Blog Writer, Content Automation, Blog Content Creator, AI-Powered Writing Tool, Article Generator, Content Generation AI, Blog Writing Assistant, AI Content Marketing, Automated Blogging, AI-Powered Content Creator",
2,Translate,Language Tools,"Translation Tool, AI Translator, Language Converter, AI-Powered Translation, Multilingual Translation, Real-Time Translator, Document Translation AI, Speech-to-Text Translation, Text-to-Speech Translation, Automated Language Processing",
3,Papers,Academic Tools,"Research Papers, Academic Writing, Paper Summarizer, AI Paper Generator, Research Assistant, Scientific Papers, Thesis Writing AI, Academic Summaries, AI-Powered Research, Automated Paper Writing",
4,Handwriting,Creativity Tools,"Handwriting Recognition, AI Handwriting Tool, Digital Handwriting, Handwriting to Text, Handwriting Analysis, Handwriting Converter, AI-Powered Handwriting, Handwritten Notes Digitization, Automated Handwriting Recognition, Handwriting Style Generator",
5,Copywriting,Marketing Tools,"Copywriting Tool, AI Copy Generator, Content Writing Assistant, AI-Powered Copywriting, Marketing Copy Creator, Sales Copy Automation, AI Content Creator, Advertising Copywriter, Automated Copywriting, AI-Powered Marketing Content",
6,Captions or Subtitle,Media Tools,"Caption Generator, Subtitle Creator, AI Captioning Tool, Video Subtitles, Automated Subtitling, AI-Powered Captions, Closed Captioning, Real-Time Subtitles, Social Media Captions, AI Video Subtitle Generator",
7,Essay Writer,Academic Tools,"Essay Writer, AI Essay Generator, Academic Writing Tool, Essay Creator, Automated Essay Writing, AI-Powered Essays, Essay Assistant, Content Writing AI, Thesis and Essay Helper, School and College Essay Tool",
8,Letter Writer,Writing & Content,"Letter Writer, AI Letter Generator, Formal Letter Creator, Personal Letter Writing Tool, AI-Powered Letters, Automated Letter Writing, Business Letter Assistant, Professional Letter Generator, Letter Composition AI, Custom Letter Creator",
9,AI Lyrics Generator,Creativity Tools,"AI Lyrics Generator, Song Lyrics Creator, Music Writing Tool, AI-Powered Lyrics, Songwriting Assistant, Automated Lyrics Generator, Lyric Writing AI, Creative Music Writing, AI Song Creator, Lyrics Composition Tool",
10,Report Writing,Writing & Content,"Report Generator, AI Report Writing, Automated Report Creator, Business Reports, AI Document Writer, Academic Reports, AI-Powered Reporting, Detailed Report Maker, Project Report AI, Automated Documentation",
11,AI Rewriter,Writing & Content,"AI Rewriter, Content Rephraser, Article Rewriter, AI Content Spinner, Text Paraphrasing Tool, Sentence Rewriter, Automated Text Rewriting, AI-Powered Content Rewriting, Rewrite Assistant, Content Revision AI",
12,AI Script Writing,Media Tools,"Script Generator, AI Script Writing, Automated Screenwriting, Storyboard Creator, AI Movie Script Writer, Content Script Tool, Playwriting AI, TV and Film Script Generator, AI Story Script Maker, Dialogue Writing Tool",
13,AI Story Writing,Creativity Tools,"AI Story Writer, Story Generator, Creative Writing Tool, AI Storytelling, Short Story Creator, Automated Story Generator, AI-Powered Fiction Writing, Childrenâ€™s Story AI, Narrative Writing Assistant, Creative Content AI",
14,AI Bio Generator,Writing & Content,"Bio Generator, AI Bio Creator, Personal Bio Writing Tool, AI-Powered Biographies, Professional Bio Generator, Automated Bio Writing, Social Media Bio Creator, AI Resume Bio, About Me Generator, Biography Writing AI",
15,AI Book Writing,Writing & Content,"Book Writing AI, AI Book Creator, Novel Writing Tool, AI-Powered Book Writing, Storybook Generator, Automated Book Creator, AI Fiction Writing, E-book Writer AI, Long-Form Writing Tool, Creative Book Authoring",
16,Paraphraser,Writing & Content,"Paraphraser, AI Paraphrasing Tool, Text Rewriter, Content Paraphrasing AI, Sentence Rephraser, Automated Paraphrasing, AI-Powered Text Spinner, Rewrite Assistant, Text Alteration AI, Content Restatement Tool",
17,AI Poem & Poetry Generator,Creativity Tools,"AI Poem Generator, Poetry Writing Tool, Creative Poetry AI, Automated Poetry Generator, AI-Powered Poem Maker, Rhyming Poem Creator, Poetic Writing AI, Free Verse Generator, AI Poetry Assistant, Lyric Poetry AI",
18,Summarizer,Productivity Tools,"Summarizer, AI Text Summary Tool, Automated Summarization, Article Summarizer, AI-Powered Synopsis, Document Summary Generator, Academic Summarizer, Text Compression AI, Key Point Extractor, Content Summarization Tool",
19,Pick-up Lines Generator,Fun Tools,"Pick-up Lines Generator, AI Chat-Up Lines, Flirty Line Creator, AI Pick-up Line Assistant, Creative Pick-up Lines, Automated Flirting Tool, AI Romantic Lines, Funny Pick-up Lines AI, Dating Lines Generator, Charm Line Creator",
20,Transcription,Media Tools,"Transcription Tool, AI Transcription, Speech-to-Text Converter, Automated Transcribing, Audio Transcription AI, Video Transcription, Meeting Notes AI, Real-Time Transcription, AI-Powered Note Taking, Dictation Tool",
21,General Writing,Writing & Content,"General Writing Tool, AI Writing Assistant, Automated Writing, Content Writing AI, AI-Powered Writing, Text Generator, AI Content Creation, Professional Writing Assistant, Writing Automation, Creative Writing Helper",
22,Writing Assistants,Productivity Tools,"Writing Assistants, AI Writing Helper, Content Writing AI, Automated Writing Tool, Professional Writing Assistant, Grammar and Style Checker, Creative Writing AI, Document Writing Helper, Writing Companion AI, Content Generator",
23,AI Creative Writing,Creativity Tools,"AI Creative Writing, Story Generator, Fiction Writing Tool, Creative Writing Assistant, Poetry and Story AI, Automated Content Writing, AI-Powered Creativity, Novel and Story AI, Writing Idea Generator, Artistic Content AI",
24,Transcriber,Media Tools,"Transcriber, AI Transcription, Speech-to-Text Tool, Automated Transcription, Meeting Notes AI, Video Transcription, Audio-to-Text Converter, Real-Time Transcription, Dictation AI, Note-Taking Assistant",
25,AI Content Generator,Writing & Content,"AI Content Generator, Automated Content Creator, Article Writing Tool, Blog Content Generator, AI-Powered Content, Marketing Content Creator, Social Media AI Content, Creative Content Generator, Professional Writing AI, Text Generator",
26,AI Email Writer,Productivity Tools,"AI Email Writer, Automated Email Writing, Professional Email Generator, Business Email AI, AI-Powered Email Creation, Email Content Assistant, Formal Email Writer, Personalized Email AI, Email Drafting Tool, Email Writing Helper",
27,Novel,Creativity Tools,"Novel Writing AI, Book Creator, Fiction Writing Tool, Automated Novel Generator, AI-Powered Story Writing, Creative Book Writing AI, Long-Form Writing Assistant, Storytelling AI, E-Book Creator, Writing Companion",
28,Quotes Generator,Creativity Tools,"Quotes Generator, AI Quotes Creator, Inspirational Quotes Tool, Funny Quotes Generator, Motivational Quotes AI, Personalized Quotes Maker, Social Media Quotes AI, Creative Quotes Assistant, AI Caption Writer, Quote Writing AI",
29,AI Product Description Generator,E-commerce Tools,"AI Product Description Generator, Product Copywriting AI, Automated Product Content, E-Commerce Product Writing, AI-Powered Product Descriptions, Marketing Copy AI, SEO Product Content, Product Listing Writer, Creative Product AI, Online Store Content Generator",
30,Text to Image,Design & Art,"Text to Image, AI Image Generator, Text-Based Image Creation, Visual Content AI, Creative Image Tool, Automated Graphics Creator, Text-to-Art Generator, AI Design Tool, Visual Storytelling AI, Image Creation Assistant",
31,AI Photo & Image Generator,Design & Art,"AI Photo Generator, AI Image Creator, Automated Image Generation, Text-to-Image AI, Creative Photo Tool, Image Creation AI, AI-Powered Visuals, Artistic Image Generator, Custom Image Maker, Automated Photo AI",
32,AI Illustration Generator,Design & Art,"AI Illustration Generator, Artistic Illustration Tool, Automated Art Creation, AI-Powered Drawing, Creative Sketch AI, Digital Illustration Maker, Text-to-Art Tool, Vector Art Creator, AI Art Design, Illustration Assistant",
33,AI Avatar Generator,Design & Art,"AI Avatar Generator, Personalized Avatar Creator, Cartoon Avatar AI, Character Design Tool, AI-Powered Portraits, Animated Avatar Maker, Custom Avatar Generator, 3D Avatar AI, Avatar Design Assistant, Creative Avatar Tool",
34,AI Background Generator,Design & Art,"AI Background Generator, Background Design Tool, Automated Background Creator, AI-Powered Visual Backgrounds, Text-to-Background Tool, Artistic Background AI, Custom Background Designer, Digital Scene Generator, Creative Background Maker, AI Visuals Generator",
35,AI Banner Generator,Design & Art,"AI Banner Generator, Automated Banner Design, Marketing Banner Creator, AI-Powered Graphics, Custom Banner Tool, Creative Banner Designer, Advertisement Banner AI, Text-to-Banner Creator, Professional Banner Maker, Banner Creation Assistant",
36,AI Cover Generator,Design & Art,"AI Cover Generator, Book Cover Designer, Album Cover Creator, AI-Powered Cover Art, Custom Cover Design Tool, Creative Cover Generator, Text-to-Cover AI, Digital Cover Maker, Professional Cover Assistant, Automated Cover Creation",
37,AI Emoji Generator,Fun Tools,"AI Emoji Generator, Custom Emoji Maker, Emoji Design Tool, AI-Powered Emoji Creation, Animated Emoji Generator, Text-to-Emoji AI, Creative Emoji Design, Personalized Emoji Creator, Digital Emoji Tool, Fun Emoji Maker",
38,AI GIF Generator,Media Tools,"AI GIF Generator, Animated GIF Creator, Custom GIF Maker, AI-Powered Animation Tool, GIF Design Assistant, Creative GIF Generator, Text-to-GIF AI, Fun GIF Maker, Marketing GIF Creator, Automated GIF Design",
39,AI Icon Generator,Design & Art,"AI Icon Generator, Custom Icon Creator, Icon Design Tool, AI-Powered Icon Generation, Digital Icon Maker, Creative Icon Designer, Text-to-Icon AI, Vector Icon Creator, Professional Icon Assistant, Icon Creation AI",
40,AI Image Enhancer,Media Tools,"AI Image Enhancer, Photo Enhancement Tool, AI-Powered Image Quality, Automated Photo Enhancer, Picture Quality Improver, AI Photo Editing Tool, Creative Image Enhancer, High-Resolution Image AI, Text-to-Enhancement Tool, AI Visual Enhancer",
41,AI Logo Generator,Design & Art,"AI Logo Generator, Custom Logo Creator, Automated Logo Design, AI-Powered Branding, Text-to-Logo Tool, Creative Logo Designer, Business Logo Maker, Digital Branding AI, Professional Logo Assistant, Artistic Logo Generator",
42,Photo & Image Editor,Design & Art,"Photo & Image Editor, AI-Powered Photo Editing, Creative Image Tool, Automated Photo Enhancements, Picture Editing Assistant, Professional Image Editor, Digital Photo Retouching, Creative Filters AI, Artistic Photo Enhancer, Text-to-Edit Tool",
43,AI Photo Enhancer,Media Tools,"AI Photo Enhancer, Automated Photo Quality Improver, AI-Powered Image Enhancements, High-Resolution Image Creator, Picture Quality AI, Creative Photo Editing, Digital Image Enhancer, Text-to-Enhance Tool, Professional Photo Retouching, Artistic Enhancements AI",
44,AI Photo Restoration,Media Tools,"AI Photo Restoration, Automated Image Recovery, AI-Powered Photo Repairs, Vintage Photo Enhancer, Picture Restoration Tool, Creative Restoration AI, Digital Photo Repair, Professional Photo Restorer, Artistic Photo Recovery, Text-to-Restore AI",
45,AI Photography,Design & Art,"AI Photography, Automated Photography Assistant, AI-Powered Camera Enhancements, Creative Photo AI, Digital Photography Tool, Picture Editing AI, Photography Idea Generator, Professional Photography AI, Artistic Photography Enhancer, Photo Composition AI",
46,AI Profile Picture Generator,Design & Art,"AI Profile Picture Generator, Custom Profile Picture Creator, AI-Powered Portrait Maker, Social Media Profile AI, Personalized Profile Image Tool, Creative Picture Generator, Animated Profile Picture Maker, Professional Portrait Assistant, Artistic Profile AI",
47,AI Wallpaper Generator,Design & Art,"AI Wallpaper Generator, Custom Wallpaper Creator, AI-Powered Visual Backgrounds, Text-to-Wallpaper Tool, Digital Wallpaper Design, Creative Background Generator, Personalized Wallpaper Maker, Professional Wallpaper AI, Artistic Wallpaper Creation, Digital Decor Tool",
48,AI Background Remover,Design & Art,"AI Background Remover, Automated Background Eraser, AI-Powered Visual Editing, Creative Background Tool, Digital Image Editing AI, Background Removal Assistant, Picture Enhancement AI, Artistic Background Adjustments, Text-to-Remove Tool, Photo Editing Helper",
49,AI Manga & Comic,Design & Art,"AI Manga & Comic, Automated Comic Creator, AI-Powered Manga Design, Text-to-Manga Tool, Creative Comic Generator, Digital Comic Illustrator, Professional Comic AI, Artistic Storytelling Tools, Comic Strip Maker, Manga Art Assistant",
50,AI Pattern Generator,Design & Art,"AI Pattern Generator, Custom Pattern Designer, AI-Powered Visual Patterns, Text-to-Pattern Tool, Creative Design AI, Digital Pattern Creation, Artistic Pattern Generator, Seamless Pattern Creator, Textiles Design Assistant, Pattern Customization AI",
51,AI Selfie & Portrait,Design & Art,"AI Selfie & Portrait, Automated Portrait Enhancer, AI-Powered Selfie Tools, Text-to-Portrait AI, Creative Selfie Enhancer, Digital Portrait Generator, Personalized Photo Tools, Artistic Portrait AI, Professional Selfie Editing, Photo Filters AI",
52,AI Tattoo Generator,Design & Art,"AI Tattoo Generator, Custom Tattoo Designer, AI-Powered Tattoo Ideas, Creative Tattoo Tool, Artistic Tattoo Generator, Text-to-Tattoo AI, Digital Tattoo Design, Personalized Tattoo Assistant, Professional Tattoo Maker, Tattoo Style Generator",
53,AI Image Scanning,Media Tools,"AI Image Scanning, Automated Photo Scanner, AI-Powered Document Scanning, Creative Image Tools, Digital Photo Capture AI, Scanning Assistant, Artistic Scanning Enhancements, Text-to-Scan AI, Professional Scanning Solutions, Digital Archive Tool",
54,Image to Image,Design & Art,"Image to Image, AI-Powered Image Transformation, Creative Image Tools, Text-to-Image Conversion AI, Artistic Image Generator, Digital Image Morphing, Image Style Transfer AI, Automated Image Editing, Picture-to-Picture AI, Artistic Enhancements Tool",
55,AI Image Segmentation,Media Tools,"AI Image Segmentation, Automated Image Processing, AI-Powered Image Analysis, Text-to-Segmentation Tool, Creative Segmentation AI, Digital Image Tools, Artistic Image Partitioning, Image Layering AI, Professional Image Processing, Visual Editing Assistant",
56,AI Charting,Productivity Tools,"AI Charting Tool, Automated Chart Creator, Data Visualization AI, Text-to-Chart Tool, Creative Chart Generator, Business Chart Assistant, Graph Creation AI, Professional Chart Maker, Artistic Data Visuals, Chart Design AI",
57,AI Image Recognition,Media Tools,"AI Image Recognition, Automated Image Analysis, Object Detection AI, Image Classification Tool, Creative Recognition AI, Digital Vision Tool, Text-to-Recognition AI, Visual Analysis Assistant, Artistic Recognition Tool, Image Understanding AI",
58,AI Landscape Generator,Design & Art,"AI Landscape Generator, Automated Scenery Creator, Text-to-Landscape AI, Creative Landscape Design, Digital Environment Generator, Artistic Landscape Tool, Professional Scenery AI, Natural Scenery Creator, Digital Landscape Designer, Visual Scene AI",
59,AI Poster Generator,Design & Art,"AI Poster Generator, Custom Poster Creator, AI-Powered Graphic Design, Text-to-Poster Tool, Creative Poster Designer, Artistic Poster AI, Marketing Poster Maker, Digital Poster Creator, Advertisement Poster AI, Professional Poster Assistant",
60,AI Cosplay Generator,Fun Tools,"AI Cosplay Generator, Automated Costume Creator, AI-Powered Character Design, Creative Cosplay AI, Text-to-Cosplay Tool, Artistic Costume Generator, Digital Cosplay Designer, Character Cosplay AI, Professional Costume Maker, Fantasy Cosplay Generator",
61,AI Face Swap Generator,Media Tools,"AI Face Swap Generator, Automated Face Swapping, AI-Powered Photo Editing, Creative Face Editing Tool, Digital Face Swap AI, Text-to-Face Swap Tool, Artistic Face Generator, Photo Morphing AI, Professional Face Editing Assistant, Image Transformation AI",
62,AI Clothing Generator,Design & Art,"AI Clothing Generator, Custom Apparel Designer, AI-Powered Fashion Design, Text-to-Clothing Tool, Creative Outfit Generator, Digital Clothing AI, Artistic Fashion Design, Professional Apparel Creator, Digital Wardrobe Tool, Clothing Style AI",
63,AI Anime & Cartoon Generator,Design & Art,"AI Anime & Cartoon Generator, Automated Anime Creator, AI-Powered Cartoon Design, Text-to-Anime Tool, Creative Animation AI, Digital Cartoon Generator, Artistic Anime Tools, Professional Animation Maker, Cartoon Style Generator, Digital Character Creator",
64,AI Animated Video,Media Tools,"AI Animated Video, Automated Animation Creator, AI-Powered Video Design, Text-to-Animation Tool, Creative Animation AI, Digital Animated Videos, Artistic Animation Maker, Professional Animation Assistant, Video Animation Generator, Digital Storytelling AI",
65,Image to Video,Media Tools,"Image to Video, AI Video Transformation, Creative Video Tools, Image-Based Video AI, Artistic Video Generator, Digital Image to Video AI, Professional Video Creation Tool, Visual Storytelling Assistant, Text-to-Video AI, Video Composition AI",
66,AI Music Video Generator,Media Tools,"AI Music Video Generator, Automated Music Videos, AI-Powered Video Creation, Text-to-Music Video Tool, Creative Video Design, Artistic Music Video AI, Professional Video Maker, Music Video Assistant, Digital Video Creation AI, Audio-Visual Generator",
67,AI Video Editor,Media Tools,"AI Video Editor, Automated Video Editing, AI-Powered Video Tools, Creative Editing AI, Digital Video Enhancements, Artistic Video Editor, Professional Video Editing Assistant, Text-to-Edit Video AI, Video Composition Tool, Video Editing Solutions",
68,AI Video Enhancer,Media Tools,"AI Video Enhancer, Automated Video Quality Improver, AI-Powered Video Enhancements, High-Resolution Video AI, Creative Video Editing, Digital Video Enhancer, Professional Video Retouching, Artistic Enhancements AI, Text-to-Enhance Video Tool, Video Optimization Tool",
69,Text to Video,Media Tools,"Text to Video, AI Video Generator, Automated Video Creation, Creative Video Design, Text-Based Video AI, Artistic Video Tools, Professional Video Maker, Digital Video Assistant, Video Composition AI, Storytelling Video Generator",
70,AI Thumbnail Maker,Media Tools,"AI Thumbnail Maker, Automated Thumbnail Design, AI-Powered Graphics, Text-to-Thumbnail Tool, Creative Thumbnail Generator, Artistic Thumbnail Designer, Video Thumbnail AI, Professional Thumbnail Maker, Digital Video Cover AI, Thumbnail Design Solutions",
71,AI UGC Video Generator,Media Tools,"AI UGC Video Generator, Automated User-Generated Content Creator, AI-Powered UGC Videos, Creative Video Generation AI, Text-to-UGC Video Tool, Artistic Video Creation, UGC Content Assistant, Social Media Video Generator, Professional UGC Creator, Digital Video AI",
72,AI Video Search,Media Tools,"AI Video Search, Automated Video Finder, AI-Powered Video Search Tool, Video Analysis AI, Text-to-Video Search Assistant, Creative Video Search Engine, Digital Video Search Solutions, Professional Video Search AI, Artistic Video Finder, Content Discovery Tool",
73,Video to Video,Media Tools,"Video to Video, AI Video Transformation, Automated Video Editing, AI-Powered Video Generation, Creative Video Tools, Text-to-Video Conversion AI, Artistic Video Generator, Professional Video Editing AI, Digital Video Morphing, Video Style Transfer AI",
74,AI Personalized Video Generator,Media Tools,"AI Personalized Video Generator, Custom Video Creator, AI-Powered Personalized Videos, Text-to-Custom Video Tool, Creative Video Generation, Personalized Video Assistant, Digital Custom Video Maker, Professional Personalized Videos AI, Artistic Video Customization, Custom Storytelling AI",
75,AI Video Generator,Media Tools,"AI Video Generator, Automated Video Creation, AI-Powered Video Tools, Text-to-Video AI, Creative Video Generator, Digital Video Design, Artistic Video Maker, Professional Video Creation Tool, Video Storytelling AI, Content Creation Assistant",
76,AI Short Clips Generator,Media Tools,"AI Short Clips Generator, Automated Short Video Creator, AI-Powered Clips Generator, Text-to-Short Clips Tool, Creative Video Clips AI, Digital Short Clips Assistant, Artistic Video Snippets Creator, Professional Clips Maker, Social Media Clips AI, Short Video Creation",
77,AI Lip Sync Generator,Media Tools,"AI Lip Sync Generator, Automated Lip Sync Tool, AI-Powered Lip Sync Assistant, Creative Video Editing AI, Lip Sync Animation Generator, Text-to-Lip Sync Tool, Artistic Video Editing, Digital Lip Sync AI, Professional Lip Sync Maker, Animation Sync Tool",
78,AI Maps Generator,Productivity Tools,"AI Maps Generator, Custom Maps Creator, Automated Map Design, AI-Powered Mapping Tool, Text-to-Map AI, Creative Map Generator, Digital Map Design, Artistic Mapping AI, Professional Map Maker, Cartography AI",
79,AI DevOps Assistant,Code & IT,"AI DevOps Assistant, Automated DevOps Tools, AI-Powered Workflow Assistant, Creative DevOps Solutions, Text-to-DevOps Tasks, DevOps Automation AI, Digital DevOps Helper, Professional DevOps Management, Artistic Workflow Automation, DevOps Optimization AI",
80,AI Landing Page Builder,Marketing Tools,"AI Landing Page Builder, Automated Landing Page Creator, AI-Powered Web Page Design, Text-to-Landing Page AI, Creative Page Builder, Digital Landing Page Generator, Artistic Web Design Tools, Professional Landing Page Assistant, Website Creation AI, Page Optimization Tool",
81,AI Website Builder,Code & IT,"AI Website Builder, Automated Website Design, AI-Powered Web Development, Text-to-Website Tool, Creative Website Creator, No-Code Website AI, Digital Web Design, Professional Website Assistant, Artistic Web Builder, Landing Page Generator",
82,No-Code & Low-Code,Code & IT,"No-Code Tools, Low-Code Platform, AI-Powered App Builder, Automated Application Design, Text-to-App Tool, Creative No-Code Solutions, Digital App Development AI, Professional Low-Code Assistant, Business App Builder, Rapid App Development",
83,AI Code Assistant,Code & IT,"AI Code Assistant, Automated Coding Helper, AI-Powered Programming Tools, Code Writing AI, Creative Development Assistant, Digital Coding Solutions, Professional Code Helper, Text-to-Code Tool, AI Programming Assistant, Coding Simplifier",
84,Code Explanation,Code & IT,"Code Explanation AI, Automated Code Understanding, AI-Powered Code Insights, Creative Code Explanation, Digital Programming Analysis, Professional Code Debugging, Text-to-Code Explanation Tool, Programming Explanation Assistant, AI Code Documentation",
85,AI Code Generator,Code & IT,"AI Code Generator, Automated Code Creation, AI-Powered Coding Tools, Text-to-Code AI, Creative Programming Solutions, Digital Code Maker, Professional Code Generator, Artistic Code Writing Tool, Code Development Assistant, AI Software Generator",
86,AI Code Refactoring,Code & IT,"AI Code Refactoring, Automated Code Optimization, AI-Powered Code Cleaner, Creative Programming Enhancements, Digital Code Restructuring AI, Professional Code Refactoring Assistant, Text-to-Code Improvement Tool, Code Simplification AI, Development Optimization Tools",
87,AI Monitor & Report Builder,Productivity Tools,"AI Monitor, Automated Report Builder, AI-Powered Monitoring Tools, Creative Reporting AI, Text-to-Monitor Tool, Digital Performance Analytics, Professional Report Generator, Artistic Monitoring Solutions, Business Insights AI, Reporting Automation",
88,AI Data Mining,Productivity Tools,"AI Data Mining, Automated Data Analysis, AI-Powered Data Extraction, Creative Data Insights, Digital Mining Tools, Professional Data Mining Assistant, Text-to-Data Discovery Tool, Business Intelligence AI, Big Data Tools, Data Exploration AI",
89,AI Log Management,Code & IT,"AI Log Management, Automated Log Analysis, AI-Powered Logging Tools, Creative Log Insights, Digital System Monitoring AI, Professional Log Management Assistant, Text-to-Log Analysis Tool, System Audit AI, Real-Time Log Tracking, Event Monitoring AI",
90,AI SQL Query Builder,Code & IT,"AI SQL Query Builder, Automated Database Queries, AI-Powered SQL Tools, Creative Query Assistant, Digital SQL Generator, Professional Database Query Maker, Text-to-SQL Tool, Database Insights AI, SQL Automation Tools, Query Optimization AI",
91,AI Testing & QA,Code & IT,"AI Testing Tools, Automated QA Assistant, AI-Powered Bug Testing, Creative Quality Assurance AI, Digital Testing Solutions, Professional QA Tools, Text-to-Test AI, Software Testing Assistant, Bug Detection AI, Test Automation Tools",
92,AI API Design,Code & IT,"AI API Design, Automated API Creation, AI-Powered API Tools, Creative API Development, Digital API Builder, Professional API Design Assistant, Text-to-API Tool, API Management AI, API Generation Tools, API Workflow Automation",
93,AI Developer Docs,Code & IT,"AI Developer Docs, Automated Documentation Tools, AI-Powered Code Documentation, Creative Developer Docs AI, Digital Programming Guides, Professional Developer Assistant, Text-to-Documentation Tool, Coding Knowledge Base AI, API Docs Generator, Documentation Simplification",
94,AI Developer Tools,Code & IT,"AI Developer Tools, Automated Programming Solutions, AI-Powered Development Assistant, Creative Developer Support, Digital Coding Tools, Professional Programming Tools, Text-to-Code Solutions, AI-Powered IDEs, Coding Automation AI, Software Development Tools",
95,AI Search Engine,Code & IT,"AI Search Engine, Automated Content Discovery, AI-Powered Search Tools, Creative Search Insights, Digital Search Solutions, Professional Information Finder, Text-to-Search Tool, Content Exploration AI, Knowledge Search Assistant, Personalized Search Engine",
96,Web Scraping,Code & IT,"Web Scraping AI, Automated Data Extraction, AI-Powered Web Crawlers, Creative Web Data Mining, Digital Data Scraping Tools, Professional Web Scraping Solutions, Text-to-Data Extraction Tool, Data Harvesting AI, Website Scraping Assistant, Web Content Discovery Tools",
97,AI App Builder,Code & IT,"AI App Builder, Automated App Development, AI-Powered Application Tools, Creative App Design AI, Digital Application Builder, Professional App Creation Assistant, Text-to-App Generator, Rapid App Development Tools, Business App Creator, No-Code App Solutions",
98,AI Browsers Builder,Code & IT,"AI Browser Builder, Automated Browser Development, AI-Powered Browsing Tools, Creative Web Browser AI, Digital Browser Design, Professional Browser Creator, Text-to-Browser Generator, Web Experience Enhancer, Customized Browser AI, Web Navigation Tools",
99,AI Audio Enhancer,Voice & Audio,"AI Audio Enhancer, Automated Sound Improvement, AI-Powered Audio Tools, Creative Sound Editing AI, Digital Audio Enhancement, Professional Sound Quality Tools, Text-to-Audio Enhancer, Music Quality AI, Audio Optimization Tools, Noise Reduction AI",
100,AI Music Generator,Voice & Audio,"AI Music Generator, Automated Music Creation, AI-Powered Composition Tools, Creative Music AI, Digital Songwriting Assistant, Professional Music Maker, Text-to-Music Tool, Music Composition AI, Personalized Music Generator, Soundtrack Creation AI",
101,Text-to-Speech,Voice & Audio,"Text-to-Speech, AI-Powered Speech Generator, Automated Voice Creation, Creative Audio Tools, Digital Speech Synthesis, Professional Text-to-Audio Assistant, Speech Conversion AI, Voice Generation Tools, Audio Narration AI, Sound Synthesis AI",
102,Speech-to-Text,Voice & Audio,"Speech-to-Text, AI Audio Transcription, Automated Speech Recognition, Creative Text Conversion Tools, Digital Voice-to-Text Assistant, Professional Audio Transcriber, Speech Analysis AI, Real-Time Transcription Tools, Audio Notes AI, Speech Processing Tools",
103,Voice & Audio Editing,Voice & Audio,"Voice Editing AI, Automated Audio Tools, AI-Powered Sound Editing, Creative Voice Enhancements, Digital Audio Processing Assistant, Professional Audio Editor, Text-to-Sound Enhancer, Voice Editing Solutions, Sound Quality AI, Audio Retouching AI",
104,AI Voice Changer,Voice & Audio,"AI Voice Changer, Automated Voice Transformation, AI-Powered Audio Editing, Creative Voice Modulation, Digital Voice Editor, Professional Voice Assistant, Text-to-Voice Changer, Real-Time Voice Editing AI, Audio Morphing Tools, Personalized Voice Generator",
105,AI Voice Chat Generator,Voice & Audio,"AI Voice Chat Generator, Automated Voice Conversations, AI-Powered Audio Chat Tools, Creative Voice Chat Assistant, Digital Audio Chat Creator, Professional Voice Interaction AI, Text-to-Voice Chat Tools, Real-Time Conversational AI, Speech Chat Assistant, Interactive Voice AI",
106,AI Voice Cloning,Voice & Audio,"AI Voice Cloning, Automated Voice Replication, AI-Powered Speech Generation, Creative Voice Copying Tools, Digital Speech Cloning Assistant, Professional Voice Cloning AI, Text-to-Voice Replication, Personalized Speech Synthesis, Audio Cloning Tools, Voice Replication AI",
107,AI Celebrity Voice Generator,Voice & Audio,"AI Celebrity Voice Generator, Automated Celebrity Voice Cloning, AI-Powered Voice Tools, Creative Celebrity Voice Creation, Digital Speech Generation Assistant, Professional Celebrity Voice AI, Text-to-Celebrity Voice, Personalized Voice Cloning, Celebrity Audio AI, Fame Voice Generator",
108,AI Rap Generator,Voice & Audio,"AI Rap Generator, Automated Rap Song Creator, AI-Powered Music Tools, Creative Rap Lyrics Generator, Digital Rap Composition Assistant, Professional Rap Maker AI, Text-to-Rap Song Tool, Rhyming AI, Rap Battle Generator, Songwriting Assistant",
109,AI Speech Recognition,Voice & Audio,"AI Speech Recognition, Automated Voice-to-Text Tools, AI-Powered Audio Analysis, Creative Speech Processing, Digital Speech Recognition Assistant, Professional Audio Transcriber, Text-to-Speech Recognition Tools, Real-Time Speech Processing AI, Voice Analysis Solutions",
110,AI Speech Synthesis,Voice & Audio,"AI Speech Synthesis, Automated Audio Creation, AI-Powered Speech Tools, Creative Sound Generation, Digital Speech AI, Professional Speech Synthesis Assistant, Text-to-Audio Conversion, Real-Time Speech Tools, Audio Narration AI, Synthetic Voice Tools",
111,AI Voice Assistants,Voice & Audio,"AI Voice Assistants, Automated Voice Helpers, AI-Powered Conversational Tools, Creative Audio Interaction AI, Digital Voice Assistant Solutions, Professional Audio Bots, Text-to-Voice Assistance, Real-Time Interaction AI, Voice Command Tools, Audio Assistant Solutions",
112,AI Noise Cancellation,Voice & Audio,"AI Noise Cancellation, Automated Sound Filtering, AI-Powered Audio Tools, Creative Sound Quality Enhancements, Digital Noise Reduction Assistant, Professional Sound Editing AI, Real-Time Noise Cancellation Tools, Audio Optimization AI, Text-to-Noise Filter Tools",
113,Text-to-Music,Voice & Audio,"Text-to-Music, AI Music Generator, Automated Songwriting Tools, Creative Music Composition AI, Digital Audio Creation Assistant, Professional Music Maker AI, Text-to-Audio Conversion Tools, Music Composition AI, Personalized Soundtrack Generator, Song Generation Tools",
114,AI Singing Generator,Voice & Audio,"AI Singing Generator, Automated Vocal Creation, AI-Powered Singing Tools, Creative Song Generation AI, Digital Vocal Composition Assistant, Professional Singing AI, Text-to-Singing Tools, Personalized Vocal Creation, Music Singing AI, Vocal Performance Tools",
115,AI Accounting Assistant,Business Tools,"AI Accounting Assistant, Automated Finance Tools, AI-Powered Accounting Solutions, Creative Financial Analysis AI, Digital Accounting Assistant, Professional Tax Tools, Text-to-Finance Management, Real-Time Accounting AI, Business Finance AI, Tax Optimization Tools",
116,Research Tool,Productivity Tools,"AI Research Tool, Automated Knowledge Discovery, AI-Powered Research Assistant, Creative Data Analysis AI, Digital Research Tools, Professional Study Assistance, Text-to-Research Solutions, Knowledge Exploration AI, Academic Research Assistant, Business Insights Tools",
117,AI Business Ideas Generator,Business Tools,"AI Business Ideas Generator, Automated Entrepreneurship Tools, AI-Powered Idea Creation, Creative Business Insights AI, Digital Innovation Assistant, Professional Business Planning AI, Text-to-Business Ideas Tools, Startup Idea Generator, Market Exploration AI",
118,AI Consulting Assistant,Business Tools,"AI Consulting Assistant, Automated Business Tools, AI-Powered Advisory Solutions, Creative Consulting AI, Digital Strategy Tools, Professional Business Assistant, Text-to-Consulting Tools, Real-Time Advisory AI, Business Optimization Assistant, Consulting Automation Tools",
119,AI Trading Bot Assistant,Business Tools,"AI Trading Bot Assistant, Automated Trading Tools, AI-Powered Financial Solutions, Creative Market Analysis AI, Digital Investment Assistant, Professional Trading AI, Text-to-Trading Bots, Real-Time Market Analysis Tools, Investment Optimization AI, Stock Trading Automation",
120,Tax Assistant,Business Tools,"Tax Assistant AI, Automated Tax Tools, AI-Powered Financial Assistance, Creative Tax Optimization Solutions, Digital Tax Management Assistant, Professional Tax Filing AI, Text-to-Tax Calculation Tools, Real-Time Tax Management AI, Accounting Solutions, Tax Filing Automation",
121,Investing Assistant,Business Tools,"Investing Assistant AI, Automated Investment Tools, AI-Powered Financial Planning, Creative Market Analysis AI, Digital Portfolio Manager, Professional Investing Assistant, Text-to-Investment Tools, Real-Time Financial Advisor, Stock Market AI, Investment Optimization Tools",
122,Sales Assistant,Business Tools,"Sales Assistant AI, Automated Sales Tools, AI-Powered CRM Solutions, Creative Sales Insights AI, Digital Lead Management, Professional Sales Optimization Assistant, Text-to-Sales Tools, Real-Time Sales Analytics AI, Business Growth Assistant",
123,NFTs,Blockchain Tools,"NFTs, AI NFT Creator, Automated Digital Assets, AI-Powered Token Creation, Creative NFT Marketplace Tools, Digital Art NFTs, Professional Token Generation AI, Text-to-NFT Tools, Blockchain NFT Assistant, Non-Fungible Token Solutions",
124,Blockchain,Blockchain Tools,"Blockchain AI, Automated Blockchain Solutions, AI-Powered Crypto Tools, Creative Distributed Ledger Insights, Digital Blockchain Assistant, Professional Blockchain Development Tools, Text-to-Blockchain Tools, Real-Time Crypto Analysis AI",
125,Domain Name Generator,Business Tools,"Domain Name Generator AI, Automated Domain Ideas, AI-Powered Branding Tools, Creative Domain Name Suggestions, Digital Business Name Generator, Professional Domain Assistant, Text-to-Domain Generator, Domain Search AI, Business Branding AI",
126,E-commerce Assistant,E-commerce Tools,"E-commerce Assistant AI, Automated Online Store Tools, AI-Powered Product Management, Creative Sales Optimization AI, Digital Retail Assistant, Professional E-commerce Growth Tools, Text-to-Store Optimization Tools, Business Sales AI",
127,AI Advertising Assistant,Marketing Tools,"AI Advertising Assistant, Automated Ad Campaign Tools, AI-Powered Marketing Solutions, Creative Ad Optimization AI, Digital Advertising Assistant, Professional Ad Performance Tools, Text-to-Ad Campaign Generator, Marketing Growth AI",
128,AI Instagram Assistant,Social Media Tools,"AI Instagram Assistant, Automated Social Media Tools, AI-Powered Post Optimization, Creative Instagram Growth Tools, Digital Social Engagement AI, Professional Instagram Insights, Text-to-Post Generator, Social Media Assistant AI",
129,AI Twitter Assistant,Social Media Tools,"AI Twitter Assistant, Automated Tweet Generation, AI-Powered Social Media Tools, Creative Twitter Growth Insights, Digital Engagement AI, Professional Twitter Analysis Tools, Text-to-Tweet Generator, Social Media Optimization AI",
130,AI YouTube Assistant,Social Media Tools,"AI YouTube Assistant, Automated Video Insights, AI-Powered Channel Growth Tools, Creative YouTube Optimization AI, Digital Video Analytics Assistant, Professional YouTube Insights, Text-to-Video Tools, Social Media Growth AI",
131,AI Facebook Assistant,Social Media Tools,"AI Facebook Assistant, Automated Social Engagement Tools, AI-Powered Page Insights, Creative Facebook Growth Tools, Digital Social Media Assistant, Professional Facebook Optimization AI, Text-to-Post Generator, Social Growth Insights",
132,AI Tiktok Assistant,Social Media Tools,"AI Tiktok Assistant, Automated Video Creation Tools, AI-Powered TikTok Growth Insights, Creative Social Media Optimization AI, Digital Engagement Assistant, Professional TikTok Analysis Tools, Text-to-Video Generator, Social Growth AI",
133,AI Analytics Assistant,Marketing Tools,"AI Analytics Assistant, Automated Data Insights, AI-Powered Business Intelligence, Creative Analytics Optimization AI, Digital Performance Analytics Assistant, Professional Data Reporting Tools, Text-to-Analytics Solutions, Real-Time Insights AI",
134,AI Customer Service Assistant,Business Tools,"AI Customer Service Assistant, Automated Support Tools, AI-Powered Helpdesk Solutions, Creative Customer Engagement AI, Digital Customer Service Assistant, Professional Support Optimization Tools, Text-to-Service Tools, Real-Time Assistance AI",
135,AI Podcast Assistant,Media Tools,"AI Podcast Assistant, Automated Audio Editing Tools, AI-Powered Podcast Creation, Creative Podcast Growth Insights, Digital Audio Assistant, Professional Podcast Optimization AI, Text-to-Audio Generator, Podcast Management Tools",
136,AI Reply Assistant,Productivity Tools,"AI Reply Assistant, Automated Email Reply Tools, AI-Powered Communication Solutions, Creative Response Optimization AI, Digital Customer Engagement Assistant, Professional Reply Generator, Text-to-Response Tools, Customer Support AI",
137,AI SEO Assistant,Marketing Tools,"AI SEO Assistant, Automated SEO Tools, AI-Powered Website Optimization, Creative Search Engine Optimization AI, Digital SEO Management Assistant, Professional Keyword Insights, Text-to-SEO Solutions, Real-Time Website Growth Tools",
138,Bio Link,Social Media Tools,"Bio Link Generator, Automated Personal Branding Tools, AI-Powered Social Links Assistant, Creative Link Management AI, Digital Branding Solutions, Professional Bio Link Assistant, Text-to-Link Tools, Social Media Optimization AI",
139,AI Social Media Assistant,Social Media Tools,"AI Social Media Assistant, Automated Post Scheduling Tools, AI-Powered Engagement Solutions, Creative Social Media Growth AI, Digital Content Management Assistant, Professional Analytics Insights, Text-to-Social Media Tools, Social Optimization AI",
140,AI Hashtag Assistant,Social Media Tools,"AI Hashtag Assistant, Automated Hashtag Generator, AI-Powered Social Media Tools, Creative Post Optimization AI, Digital Engagement Assistant, Professional Social Insights, Text-to-Hashtag Tools, Hashtag Optimization AI",
141,AI Repurpose Assistant,Marketing Tools,"AI Repurpose Assistant, Automated Content Repurposing Tools, AI-Powered Content Transformation, Creative Media Repurposing AI, Digital Content Reuse Assistant, Professional Media Optimization Tools, Text-to-Content Repurposing AI",
142,AI CRM Assistant,Business Tools,"AI CRM Assistant, Automated Customer Management Tools, AI-Powered CRM Solutions, Creative Sales Insights AI, Digital Customer Relationship Management, Professional CRM Optimization Tools, Text-to-CRM Tools, Customer Engagement AI",
143,AI Reviews Assistant,E-commerce Tools,"AI Reviews Assistant, Automated Review Management, AI-Powered Feedback Insights, Creative Review Optimization AI, Digital Customer Feedback Assistant, Professional Review Analysis Tools, Text-to-Review Generator, Sentiment Analysis AI",
144,AI Ad Creative Assistant,Marketing Tools,"AI Ad Creative Assistant, Automated Ad Design Tools, AI-Powered Advertising Insights, Creative Ad Optimization AI, Digital Ad Creation Assistant, Professional Ad Performance Tools, Text-to-Ad Generator, Marketing Design AI",
145,AI Ad Generator,Marketing Tools,"AI Ad Generator, Automated Advertisement Tools, AI-Powered Ad Campaigns, Creative Marketing Insights AI, Digital Ad Management Assistant, Professional Ad Optimization Tools, Text-to-Ad Creation AI, Campaign Performance AI",
146,Marketing Plan Generator,Marketing Tools,"Marketing Plan Generator, Automated Business Strategy Tools, AI-Powered Marketing Solutions, Creative Campaign Planning AI, Digital Marketing Assistant, Professional Marketing Insights Tools, Text-to-Marketing Plan AI, Business Growth AI",
147,Digital Marketing Generator,Marketing Tools,"Digital Marketing Generator, Automated Online Marketing Tools, AI-Powered Marketing Campaigns, Creative Digital Marketing Insights, Professional Campaign Assistant, Text-to-Marketing Tools, Marketing Performance AI, Social Media Marketing Solutions",
148,AI Email Assistant,Productivity Tools,"AI Email Assistant, Automated Email Tools, AI-Powered Communication Insights, Creative Email Management AI, Digital Email Optimization Assistant, Professional Email Writing Tools, Text-to-Email Solutions, Email Performance AI",
149,AI Email Generator,Productivity Tools,"AI Email Generator, Automated Email Creation Tools, AI-Powered Email Content Insights, Creative Email Writing AI, Digital Communication Assistant, Professional Email Drafting Tools, Text-to-Email Generator, Email Marketing Solutions",
150,AI Email Marketing,Marketing Tools,"AI Email Marketing, Automated Email Campaign Tools, AI-Powered Marketing Insights, Creative Campaign Planning AI, Digital Marketing Email Assistant, Professional Campaign Optimization Tools, Text-to-Email Campaigns, Marketing Performance AI",
151,AI Response Generator,Productivity Tools,"AI Response Generator, Automated Reply Tools, AI-Powered Communication Insights, Creative Response Writing AI, Digital Customer Engagement Assistant, Professional Reply Writing Tools, Text-to-Response Generator, Customer Support AI",
152,AI Lead Generation,Marketing Tools,"AI Lead Generation, Automated Customer Acquisition Tools, AI-Powered Sales Insights, Creative Lead Management AI, Digital Sales Optimization Assistant, Professional CRM Solutions, Text-to-Lead Generator, Sales Growth AI",
153,AI Detector,Productivity Tools,"AI Detector, Automated Detection Tools, AI-Powered Analysis Solutions, Creative Content Verification AI, Digital Detection Assistant, Professional Validation Tools, Text-to-Detection AI, Content Quality Insights",
154,AI Checker Essay,Academic Tools,"AI Checker Essay, Automated Essay Analysis Tools, AI-Powered Academic Insights, Creative Essay Optimization AI, Digital Writing Assistant, Professional Content Checker Tools, Text-to-Essay Verification AI, Academic Quality Insights",
155,AI Plagiarism Checker,Academic Tools,"AI Plagiarism Checker, Automated Content Validation Tools, AI-Powered Originality Insights, Creative Content Verification AI, Digital Writing Checker Assistant, Professional Plagiarism Detection Tools, Text-to-Originality AI",
156,AI Grammar Checker,Writing & Content,"AI Grammar Checker, Automated Writing Tools, AI-Powered Grammar Insights, Creative Text Optimization AI, Digital Language Assistant, Professional Writing Correction Tools, Text-to-Grammar Checker AI, Content Quality Insights",
157,AI Content Detector,Writing & Content,"AI Content Detector, Automated Content Verification Tools, AI-Powered Detection Insights, Creative Content Analysis AI, Digital Quality Checker Assistant, Professional Content Validation Tools, Text-to-Content Analysis AI",
158,AI Chatbot,Chatbot Tools,"AI Chatbot, Automated Conversational Tools, AI-Powered Customer Engagement, Creative Chat Assistant AI, Digital Helpdesk Solutions, Professional Bot Development Tools, Text-to-Chatbot Generator, Conversational AI",
159,AI Girlfriend,Fun Tools,"AI Girlfriend, Automated Relationship AI, AI-Powered Personal Companion, Creative Virtual Relationship Tools, Digital Emotional Assistant, Professional Relationship Simulation AI, Text-to-Virtual Companion, AI Chat Relationship Tools",
160,AI God,Fun Tools,"AI God, Automated Wisdom Tools, AI-Powered Philosophical Insights, Creative Thought Simulation AI, Digital Universal Assistant, Professional Spiritual Tools, Text-to-Godlike AI, Philosophical Guidance AI",
161,AI Joke,Fun Tools,"AI Joke Generator, Automated Humor Tools, AI-Powered Comedy Insights, Creative Joke Creation AI, Digital Humor Assistant, Professional Joke Writing Tools, Text-to-Joke Generator, Funny Content AI",
162,AI Character,Creativity Tools,"AI Character Generator, Automated Character Creation Tools, AI-Powered Story Characters, Creative Design AI, Digital Character Development Assistant, Professional Character Design Tools, Text-to-Character Generator, Artistic Characters AI",
163,AI Art Generator,Design & Art,"AI Art Generator, Automated Artwork Tools, AI-Powered Artistic Creation, Creative Art Design AI, Digital Art Assistant, Professional Art Generation Tools, Text-to-Art AI, Artistic Content Generator",
164,AI Colorize,Design & Art,"AI Colorize Tool, Automated Image Coloring, AI-Powered Colorization Insights, Creative Photo Coloring AI, Digital Colorize Assistant, Professional Image Enhancement Tools, Text-to-Color AI, Black and White to Color AI",
165,AI Design Generator,Design & Art,"AI Design Generator, Automated Design Tools, AI-Powered Artistic Insights, Creative Design Assistant AI, Digital Graphic Creation Tools, Professional Design Maker AI, Text-to-Design Tools, Creative Visualization AI",
166,AI Graphic Design,Design & Art,"AI Graphic Design, Automated Graphics Tools, AI-Powered Visual Design, Creative Branding AI, Digital Graphic Assistant, Professional Graphic Creation Tools, Text-to-Graphic Tools, Design Optimization AI",
167,AI Interior & Room Design,Design & Art,"AI Interior Design, Automated Room Decoration Tools, AI-Powered Home Design, Creative Interior Decoration AI, Digital Space Optimization Assistant, Professional Room Planning Tools, Text-to-Interior Design AI",
168,AI Pixel Art,Design & Art,"AI Pixel Art Generator, Automated Pixel Design Tools, AI-Powered Retro Art Creation, Creative Pixelated Art AI, Digital Pixel Assistant, Professional Pixel Art Design Tools, Text-to-Pixel Art Generator",
169,AI Anime Art,Design & Art,"AI Anime Art Generator, Automated Anime Creation Tools, AI-Powered Artistic Animation, Creative Anime Design AI, Digital Manga Assistant, Professional Anime Illustration Tools, Text-to-Anime Generator",
170,Design Assistant,Design & Art,"Design Assistant AI, Automated Design Tools, AI-Powered Creative Insights, Professional Artistic Design AI, Digital Graphic Creation Assistant, Text-to-Design Solutions, Artistic Content Generator",
171,AI Font,Design & Art,"AI Font Generator, Automated Typography Tools, AI-Powered Font Design, Creative Lettering AI, Digital Typography Assistant, Professional Font Development Tools, Text-to-Font Generator, Artistic Typeface Creator",
172,AI Website Designer,Code & IT,"AI Website Designer, Automated Web Design Tools, AI-Powered Creative Web Solutions, Professional Website Optimization AI, Digital Website Assistant, Text-to-Web Design Generator, Creative Web Layout Tools",
173,AI Cooking Assistant,Life Tools,"AI Cooking Assistant, Automated Recipe Suggestions, AI-Powered Culinary Insights, Creative Cooking Tools AI, Digital Kitchen Assistant, Professional Recipe Generation Tools, Text-to-Cooking Ideas Generator",
174,AI Dating Assistant,Life Tools,"AI Dating Assistant, Automated Relationship Tools, AI-Powered Romantic Insights, Creative Dating Support AI, Digital Relationship Assistant, Professional Matchmaking AI, Text-to-Dating Support Tools",
175,AI Trip Planner,Life Tools,"AI Trip Planner, Automated Travel Itinerary Tools, AI-Powered Travel Insights, Creative Vacation Planning AI, Digital Travel Assistant, Professional Trip Management Tools, Text-to-Itinerary Generator",
176,AI Recipe Assistant,Life Tools,"AI Recipe Assistant, Automated Cooking Tools, AI-Powered Recipe Suggestions, Creative Culinary Insights AI, Digital Kitchen Optimization Assistant, Professional Recipe Planning Tools, Text-to-Recipe Generator",
177,Life Assistant,Life Tools,"AI Life Assistant, Automated Productivity Tools, AI-Powered Lifestyle Insights, Creative Personal Assistant AI, Digital Daily Planner, Professional Life Optimization Tools, Text-to-Life Solutions",
178,Fun Tools,Fun Tools,"Fun Tools AI, Automated Entertainment Tools, AI-Powered Creativity Insights, Creative Entertainment Solutions, Digital Fun Assistant, Professional Humor and Activity Tools, Text-to-Fun Generator",
179,AI Roadmap Generator,Productivity Tools,"AI Roadmap Generator, Automated Planning Tools, AI-Powered Strategy Insights, Creative Project Planning AI, Digital Roadmap Assistant, Professional Goal Setting Tools, Text-to-Strategy Generator",
180,AI Gift Ideas,Life Tools,"AI Gift Ideas Generator, Automated Gifting Tools, AI-Powered Gift Suggestions, Creative Gift Planning AI, Digital Gifting Assistant, Professional Gift Idea Tools, Text-to-Gift Generator",
181,AI Interview Assistant,Business Tools,"AI Interview Assistant, Automated Interview Tools, AI-Powered Job Preparation, Creative Interview Insights AI, Digital Career Assistant, Professional Job Interview Tools, Text-to-Interview Generator, Mock Interview AI",
182,AI Recruiting,Business Tools,"AI Recruiting, Automated Hiring Tools, AI-Powered Recruitment Solutions, Creative Talent Acquisition AI, Digital Job Hiring Assistant, Professional Candidate Screening Tools, Text-to-Recruitment Solutions, Talent Optimization AI",
183,Resume Builder,Business Tools,"Resume Builder AI, Automated CV Tools, AI-Powered Resume Creation, Creative Job Application AI, Digital Career Assistant, Professional Resume Design Tools, Text-to-Resume Generator, Job Application Optimization AI",
184,Cover Letter Generator,Business Tools,"Cover Letter Generator AI, Automated Job Application Tools, AI-Powered Cover Letter Writing, Creative Job Application AI, Digital Career Assistant, Professional Cover Letter Design Tools, Text-to-Cover Letter Generator",
185,Parenting,Life Tools,"AI Parenting Assistant, Automated Parenting Tools, AI-Powered Childcare Insights, Creative Parenting Support AI, Digital Family Assistant, Professional Childcare Solutions, Text-to-Parenting Tips, Life Optimization AI",
186,Fitness,Life Tools,"AI Fitness Assistant, Automated Workout Tools, AI-Powered Health Insights, Creative Exercise Planning AI, Digital Health Assistant, Professional Fitness Tracking Tools, Text-to-Fitness Generator, Personalized Fitness AI",
187,Religion,Fun Tools,"AI Religion Assistant, Automated Spiritual Tools, AI-Powered Faith Insights, Creative Religious Support AI, Digital Faith Assistant, Professional Spirituality Tools, Text-to-Religion Knowledge Generator, Religious Learning AI",
188,Mental Health,Life Tools,"AI Mental Health Assistant, Automated Wellness Tools, AI-Powered Psychological Insights, Creative Mental Well-being AI, Digital Therapy Assistant, Professional Mental Health Support Tools, Text-to-Wellness Generator",
189,Healthcare,Life Tools,"AI Healthcare Assistant, Automated Medical Tools, AI-Powered Health Solutions, Creative Healthcare Planning AI, Digital Medical Assistant, Professional Patient Care Tools, Text-to-Healthcare Solutions, Medical Optimization AI",
190,Sports,Fun Tools,"AI Sports Assistant, Automated Sports Tools, AI-Powered Game Insights, Creative Athletic Planning AI, Digital Fitness Assistant, Professional Sports Analysis Tools, Text-to-Sports Strategy Generator, Athletic Performance AI",
191,Legal Assistant,Business Tools,"AI Legal Assistant, Automated Law Tools, AI-Powered Legal Insights, Creative Case Management AI, Digital Legal Advice Assistant, Professional Law Practice Tools, Text-to-Legal Solutions, Case Analysis AI",
192,Game,Fun Tools,"AI Game Assistant, Automated Gaming Tools, AI-Powered Game Design, Creative Gameplay AI, Digital Gaming Assistant, Professional Game Insights Tools, Text-to-Game Generator, Gaming Performance AI",
193,AI 3D Model Generator,Design & Art,"AI 3D Model Generator, Automated 3D Design Tools, AI-Powered Model Creation, Creative 3D Art AI, Digital 3D Assistant, Professional 3D Design Tools, Text-to-3D Model Generator, Artistic 3D Creation AI",
194,Text to 3D,Design & Art,"Text to 3D, AI-Powered 3D Creation Tools, Automated Model Design, Creative 3D Design AI, Digital Text-to-3D Assistant, Professional 3D Model Generator, Artistic 3D Modeling Tools, Text-to-3D Art Generator",
195,Image to 3D Model,Design & Art,"Image to 3D Model, AI-Powered 3D Image Transformation, Automated 3D Design Tools, Creative 3D Conversion AI, Digital Image-to-3D Assistant, Professional 3D Modeling Tools, Artistic Image Conversion AI",
196,Homework Helper,Education Tools,"AI Homework Helper, Automated Study Tools, AI-Powered Academic Support, Creative Learning Assistant AI, Digital Homework Solutions, Professional Study Guidance Tools, Text-to-Learning Generator, Student Support AI",
197,AI Coaching,Education Tools,"AI Coaching Assistant, Automated Coaching Tools, AI-Powered Skill Development, Creative Training AI, Digital Career Coaching Assistant, Professional Growth Tools, Text-to-Coaching Generator, Life Optimization AI",
198,AI Knowledge Base,Education Tools,"AI Knowledge Base, Automated Information Management Tools, AI-Powered Learning Solutions, Creative Knowledge Organization AI, Digital Knowledge Assistant, Professional Knowledge Management Tools, Text-to-Knowledge Solutions",
199,AI Knowledge Graph,Education Tools,"AI Knowledge Graph, Automated Information Visualization, AI-Powered Graph Creation, Creative Knowledge Mapping AI, Digital Data Organization Assistant, Professional Graph Design Tools, Text-to-Knowledge Graph Generator",
200,AI Tutorial,Education Tools,"AI Tutorial Generator, Automated Learning Tools, AI-Powered Educational Content, Creative Training Assistant AI, Digital Tutorial Creation Assistant, Professional Learning Optimization Tools, Text-to-Tutorial Generator",
201,AI Course,Education Tools,"AI Course Creator, Automated Course Design, AI-Powered Educational Tools, Creative Learning AI, Digital Course Assistant, Professional Curriculum Design Tools, Text-to-Course Generator, Online Learning Optimization AI",
202,AI Knowledge Management,Productivity Tools,"AI Knowledge Management, Automated Information Tools, AI-Powered Learning Solutions, Creative Knowledge Organization AI, Digital Data Assistant, Professional Knowledge Sharing Tools, Text-to-Knowledge Solutions",
203,AI Quizzes,Education Tools,"AI Quiz Generator, Automated Educational Tools, AI-Powered Quiz Creation, Creative Learning AI, Digital Quiz Assistant, Professional Quiz Design Tools, Text-to-Quiz Generator, Interactive Learning AI",
204,AI Education Assistant,Education Tools,"AI Education Assistant, Automated Teaching Tools, AI-Powered Academic Support, Creative Learning Optimization AI, Digital Student Assistant, Professional Educational Insights, Text-to-Education Tools",
205,Prompt,Writing & Content,"AI Prompt Generator, Automated Creative Tools, AI-Powered Content Suggestions, Creative Prompt Assistant AI, Digital Writing Helper, Professional Brainstorming Tools, Text-to-Prompt Generator",
206,AI Presentation Generator,Productivity Tools,"AI Presentation Generator, Automated Slide Design Tools, AI-Powered Business Presentation, Creative Deck Creation AI, Digital Presentation Assistant, Professional Slide Design Tools, Text-to-Presentation Generator",
207,AI Spreadsheet,Productivity Tools,"AI Spreadsheet Assistant, Automated Data Entry Tools, AI-Powered Sheet Management, Creative Spreadsheet Optimization AI, Digital Data Assistant, Professional Spreadsheet Design Tools, Text-to-Sheet Generator",
208,Recording,Productivity Tools,"AI Recording Tools, Automated Audio Capture, AI-Powered Voice Recording, Creative Recording Assistant AI, Digital Audio Tools, Professional Recording Optimization Tools, Text-to-Recording Solutions",
209,AI WORD,Productivity Tools,"AI Word Processor, Automated Document Tools, AI-Powered Text Management, Creative Writing Optimization AI, Digital Document Assistant, Professional Word Processing Tools, Text-to-Document Generator",
210,AI PDF,Productivity Tools,"AI PDF Assistant, Automated File Tools, AI-Powered Document Management, Creative PDF Editing AI, Digital File Assistant, Professional PDF Optimization Tools, Text-to-PDF Generator",
211,AI Productivity Tools,Productivity Tools,"AI Productivity Tools, Automated Task Management, AI-Powered Efficiency Solutions, Creative Workflow Optimization AI, Digital Work Assistant, Professional Productivity Insights, Text-to-Task Optimization Tools",
212,AI Task Management,Productivity Tools,"AI Task Management, Automated Work Tools, AI-Powered Task Scheduling, Creative Productivity Insights AI, Digital Task Assistant, Professional Work Optimization Tools, Text-to-Task Generator",
213,AI Team Collaboration,Productivity Tools,"AI Team Collaboration, Automated Teamwork Tools, AI-Powered Collaboration Insights, Creative Team Management AI, Digital Work Assistant, Professional Collaboration Optimization Tools, Text-to-Team Solutions",
214,AI Meeting Assistant,Productivity Tools,"AI Meeting Assistant, Automated Meeting Tools, AI-Powered Agenda Management, Creative Meeting Optimization AI, Digital Conference Assistant, Professional Meeting Insights, Text-to-Meeting Solutions",
215,AI Notes Assistant,Productivity Tools,"AI Notes Assistant, Automated Notetaking Tools, AI-Powered Content Management, Creative Notes Optimization AI, Digital Productivity Assistant, Professional Notes Organization Tools, Text-to-Notes Generator",
216,AI Workflow Management,Productivity Tools,"AI Workflow Management, Automated Business Tools, AI-Powered Process Optimization, Creative Workflow Insights AI, Digital Workflow Assistant, Professional Business Management Tools, Text-to-Workflow Solutions",
217,AI SOP,Business Tools,"AI SOP Generator, Automated Process Documentation, AI-Powered Standard Operating Procedures, Creative Process Management AI, Digital SOP Assistant, Professional SOP Optimization Tools, Text-to-SOP Generator",
218,AI Project Management,Productivity Tools,"AI Project Management, Automated Planning Tools, AI-Powered Business Insights, Creative Project Optimization AI, Digital Planning Assistant, Professional Project Tools, Text-to-Project Solutions",
219,AI Scheduling,Productivity Tools,"AI Scheduling Assistant, Automated Calendar Tools, AI-Powered Time Management, Creative Scheduling Optimization AI, Digital Planning Assistant, Professional Scheduling Tools, Text-to-Calendar Generator",
220,AI Mind Mapping,Productivity Tools,"AI Mind Mapping, Automated Idea Visualization Tools, AI-Powered Brainstorming Solutions, Creative Mapping AI, Digital Idea Organizer, Professional Mind Mapping Tools, Text-to-Mind Map Generator",
221,AI Forms & Surveys,Business Tools,"AI Forms Generator, Automated Survey Tools, AI-Powered Questionnaire Design, Creative Form Creation AI, Digital Survey Assistant, Professional Form Design Tools, Text-to-Survey Generator, Data Collection AI",
222,AI Contract Management,Business Tools,"AI Contract Management, Automated Legal Tools, AI-Powered Document Handling, Creative Contract Optimization AI, Digital Legal Assistant, Professional Contract Solutions, Text-to-Contract Tools",
223,AI Video Recording,Media Tools,"AI Video Recording Tools, Automated Video Capture, AI-Powered Media Recording, Creative Video Assistant AI, Digital Video Solutions, Professional Recording Tools, Text-to-Video Recording AI",
224,AI Diagram Generator,Productivity Tools,"AI Diagram Generator, Automated Diagram Design, AI-Powered Flowchart Tools, Creative Visual Mapping AI, Digital Diagram Assistant, Professional Chart Design Tools, Text-to-Diagram Generator",
225,AI Document Extraction,Productivity Tools,"AI Document Extraction, Automated Data Extraction Tools, AI-Powered Content Retrieval, Creative Document Parsing AI, Digital Data Assistant, Professional File Processing Tools, Text-to-Data Extraction AI",
226,AI Documents Assistant,Productivity Tools,"AI Documents Assistant, Automated File Management Tools, AI-Powered Document Solutions, Creative Writing AI, Digital Content Assistant, Professional Document Processing Tools, Text-to-Document Solutions",
227,AI Files Assistant,Productivity Tools,"AI Files Assistant, Automated File Organization Tools, AI-Powered Data Management, Creative File Processing AI, Digital Content Organizer, Professional File Handling Tools, Text-to-Files Solutions",
228,Large Language Models (LLMs),AI Tools,"Large Language Models, AI-Powered Text Generation, Creative NLP Solutions, Digital Language Understanding AI, Professional Content Generation Tools, Text-to-LLM Applications, AI-Powered Chatbots",
229,NSFW,Fun Tools,"NSFW Content Tools, Automated Moderation Tools, AI-Powered Content Screening, Creative Content Management AI, Digital Safety Assistant, Professional NSFW Detection Tools, Text-to-Safety Solutions",
230,Web3,Blockchain Tools,"Web3 Tools, Automated Blockchain Solutions, AI-Powered Decentralized Apps, Creative Web3 Insights AI, Digital Blockchain Assistant, Professional Decentralized Solutions, Text-to-Web3 Applications",
231,AI Tools Directory,AI Tools,"AI Tools Directory, Automated Resource Compilation, AI-Powered Tools Index, Creative AI Tools Collection, Digital Directory Assistant, Professional Resource Management Tools, Text-to-Tools List Generator",
232,Newsletter,Productivity Tools,"AI Newsletter Generator, Automated Content Creation Tools, AI-Powered Email Campaigns, Creative Newsletter Design AI, Digital Marketing Assistant, Professional Newsletter Writing Tools, Text-to-Newsletter Generator",
233,Other,Miscellaneous,"Other AI Tools, Miscellaneous AI Solutions, AI-Powered General Applications, Creative Tools Assistant AI, Digital All-Purpose Assistant, Professional AI Tools Collection",